{
  "אנקונדה": {
    "10": 100.92901611328125,
    "11": 100.9939270019531,
    "12": 100.530029296875,
    "13": 100.03253173828125,
    "14": 100.1921691894531,
    "15": 100.8195495605469,
    "16": 100.7232360839844,
    "17": 100.0905456542969,
    "18": 100.933837890625,
    "19": 100.1318359375,
    "20": 100.4427795410156,
    "21": 100.2592468261719
  },
  "בלאק ממבה": {
    "10": 315.6111755371094,
    "11": 327.5572204589844,
    "12": 267.36224365234375,
    "13": 286.217529296875,
    "14": 281.92669677734375,
    "15": 285.7250671386719,
    "16": 294.465087890625,
    "17": 254.8093719482422,
    "18": 298.05950927734375,
    "19": 313.166748046875,
    "20": 330.5069885253906,
    "21": 315.45013427734375
  },
  "טופ ספין / \"הסוכרייה\"": {
    "10": 303.7933349609375,
    "11": 266.7335510253906,
    "12": 302.53662109375,
    "13": 275.39483642578125,
    "14": 250.5543212890625,
    "15": 299.896728515625,
    "16": 279.30657958984375,
    "17": 240.42605590820312,
    "18": 259.8612060546875,
    "19": 249.3540802001953,
    "20": 257.7763977050781,
    "21": 257.87353515625
  },
  "קרייזי טוויסטר": {
    "10": 254.7790069580078,
    "11": 246.2443389892578,
    "12": 247.4384002685547,
    "13": 248.80201721191406,
    "14": 277.0643005371094,
    "15": 278.8982849121094,
    "16": 256.90081787109375,
    "17": 240.43869018554688,
    "18": 247.4366912841797,
    "19": 258.002685546875,
    "20": 256.0374755859375,
    "21": 235.8417205810547
  },
  "ספינת פיראטים": {
    "10": 215.39602661132812,
    "11": 240.29649353027344,
    "12": 250.48289489746094,
    "13": 233.94020080566406,
    "14": 229.56350708007812,
    "15": 240.9380340576172,
    "16": 266.00457763671875,
    "17": 262.8999328613281,
    "18": 260.7383728027344,
    "19": 266.2759704589844,
    "20": 256.812255859375,
    "21": 218.39129638671875
  },
  "The King / המלך": {
    "10": 217.30050659179688,
    "11": 226.04159545898438,
    "12": 228.2205047607422,
    "13": 254.1851043701172,
    "14": 234.5057373046875,
    "15": 246.27423095703125,
    "16": 232.37847900390625,
    "17": 221.35659790039062,
    "18": 247.599365234375,
    "19": 229.20994567871094,
    "20": 215.6276092529297,
    "21": 234.57704162597656
  },
  "ברייקדאנסר": {
    "10": 353.0567932128906,
    "11": 382.3354187011719,
    "12": 398.9697570800781,
    "13": 406.5853271484375,
    "14": 330.2312316894531,
    "15": 363.58135986328125,
    "16": 390.7700500488281,
    "17": 310.128173828125,
    "18": 354.5884704589844,
    "19": 359.9720153808594,
    "20": 360.0063781738281,
    "21": 363.6247253417969
  },
  "טא גא דא": {
    "10": 349.9604187011719,
    "11": 327.00018310546875,
    "12": 325.7854309082031,
    "13": 337.16912841796875,
    "14": 330.0346984863281,
    "15": 355.93572998046875,
    "16": 380.6617736816406,
    "17": 311.1019592285156,
    "18": 363.8449401855469,
    "19": 363.6193542480469,
    "20": 324.75860595703125,
    "21": 370.479736328125
  },
  "רכבת הרים": {
    "10": 255.3874053955078,
    "11": 255.7855224609375,
    "12": 299.59515380859375,
    "13": 251.7321014404297,
    "14": 305.61279296875,
    "15": 306.7548522949219,
    "16": 317.81658935546875,
    "17": 272.0234375,
    "18": 276.7762451171875,
    "19": 295.24420166015625,
    "20": 286.7971496582031,
    "21": 254.6077423095703
  },
  "רכבת שדים": {
    "10": 273.7750244140625,
    "11": 248.24087524414062,
    "12": 273.3318176269531,
    "13": 274.5882873535156,
    "14": 278.4033203125,
    "15": 283.7298889160156,
    "16": 275.9876708984375,
    "17": 250.02700805664062,
    "18": 296.2813720703125,
    "19": 290.65521240234375,
    "20": 289.8844299316406,
    "21": 287.5472412109375
  },
  "מכוניות מתנגשות": {
    "10": 272.0173645019531,
    "11": 318.2968444824219,
    "12": 260.4458312988281,
    "13": 253.15916442871094,
    "14": 318.37249755859375,
    "15": 249.3253936767578,
    "16": 260.1786804199219,
    "17": 247.45388793945312,
    "18": 309.3866271972656,
    "19": 315.22955322265625,
    "20": 313.2054138183594,
    "21": 313.5991516113281
  },
  "גלגל ענק": {
    "10": 265.1484069824219,
    "11": 262.6009826660156,
    "12": 243.7471466064453,
    "13": 265.63189697265625,
    "14": 230.34275817871094,
    "15": 228.43338012695312,
    "16": 257.104736328125,
    "17": 226.88327026367188,
    "18": 218.89398193359375,
    "19": 244.16891479492188,
    "20": 239.45120239257812,
    "21": 238.1948699951172
  },
  "מגלשות מים": {
    "10": 259.9942932128906,
    "11": 225.9790496826172,
    "12": 233.0583038330078,
    "13": 282.6015319824219,
    "14": 272.4471740722656,
    "15": 267.3697509765625,
    "16": 258.791748046875,
    "17": 257.19964599609375,
    "18": 286.1893310546875,
    "19": 270.3062744140625,
    "20": 255.7137908935547,
    "21": 274.82012939453125
  },
  "השטיח המעופף": {
    "10": 233.1283721923828,
    "11": 241.31051635742188,
    "12": 245.87942504882812,
    "13": 229.5284423828125,
    "14": 223.347412109375,
    "15": 229.2034149169922,
    "16": 215.19606018066406,
    "17": 226.2022705078125,
    "18": 220.6133575439453,
    "19": 209.07928466796875,
    "20": 216.70069885253906,
    "21": 207.85719299316406
  },
  "מגדלי הכוח": {
    "10": 220.21221923828125,
    "11": 187.38433837890625,
    "12": 197.80526733398438,
    "13": 190.95733642578125,
    "14": 184.263916015625,
    "15": 183.66915893554688,
    "16": 189.22482299804688,
    "17": 183.31173706054688,
    "18": 195.5249481201172,
    "19": 199.73828125,
    "20": 205.06494140625,
    "21": 189.5133056640625
  },
  "סינמה לונה": {
    "10": 159.26905822753906,
    "11": 161.2822723388672,
    "12": 149.44239807128906,
    "13": 152.3247833251953,
    "14": 132.16175842285156,
    "15": 159.85020446777344,
    "16": 160.84181213378906,
    "17": 150.84133911132812,
    "18": 145.30636596679688,
    "19": 148.28775024414062,
    "20": 148.21087646484375,
    "21": 136.68743896484375
  },
  "קרוסלת פילים": {
    "10": 162.44766235351562,
    "11": 155.37953186035156,
    "12": 167.59292602539062,
    "13": 163.3431396484375,
    "14": 157.75140380859375,
    "15": 161.4588623046875,
    "16": 166.74049377441406,
    "17": 171.55856323242188,
    "18": 169.99838256835938,
    "19": 142.94384765625,
    "20": 149.430908203125,
    "21": 153.85728454589844
  },
  "אופנועים": {
    "10": 141.82496643066406,
    "11": 142.20053100585938,
    "12": 149.8779754638672,
    "13": 149.2240753173828,
    "14": 143.4003448486328,
    "15": 139.38531494140625,
    "16": 140.95089721679688,
    "17": 140.63063049316406,
    "18": 141.8966827392578,
    "19": 145.01638793945312,
    "20": 147.17904663085938,
    "21": 144.42054748535156
  },
  "סוסים": {
    "10": 141.09542846679688,
    "11": 146.20654296875,
    "12": 149.6314697265625,
    "13": 146.0470733642578,
    "14": 147.4962158203125,
    "15": 147.48989868164062,
    "16": 146.31712341308594,
    "17": 148.55418395996094,
    "18": 148.0958709716797,
    "19": 129.50665283203125,
    "20": 133.2756805419922,
    "21": 134.90557861328125
  },
  "ברבורים": {
    "10": 142.5266571044922,
    "11": 144.53741455078125,
    "12": 142.55381774902344,
    "13": 131.13436889648438,
    "14": 126.5710220336914,
    "15": 128.57371520996094,
    "16": 125.8281478881836,
    "17": 126.59285736083984,
    "18": 133.7388458251953,
    "19": 129.6356201171875,
    "20": 130.9329071044922,
    "21": 126.37215423583984
  },
  "מיני מטוסים": {
    "10": 120.31617736816406,
    "11": 134.33242797851562,
    "12": 133.46653747558594,
    "13": 133.1356964111328,
    "14": 127.3380355834961,
    "15": 126.52669525146484,
    "16": 124.80851745605469,
    "17": 127.58834075927734,
    "18": 132.0147705078125,
    "19": 122.97151947021484,
    "20": 130.7637481689453,
    "21": 133.47647094726562
  },
  "מיני סירות": {
    "10": 120.25936889648438,
    "11": 117.7276382446289,
    "12": 123.21086883544922,
    "13": 118.51113891601562,